{
  "best_params": {
    "p_min": 5.0,
    "p_max": 8.0,
    "vr_min": 1.0,
    "vr_max": 1.5,
    "hsl_min": 5,
    "hsl_max": 15,
    "sz_max": 200,
    "j_max": 100,
    "cl_min": 60,
    "cl_max": 90
  },
  "no_score": {
    "w25": 66.66666666666667,
    "cp": 93.10344827586206
  },
  "basic_score": {
    "w25": 53.08641975308642,
    "cp": 93.10344827586206
  },
  "kline_score": {
    "w25": 55.55555555555556,
    "cp": 93.10344827586206
  },
  "target": 70.0,
  "best_achieved": 55.55555555555556
}